,ID_hecho,ROL,SEXO,EDAD,FECHA_FALLECIMIENTO
0,2016-0001,CONDUCTOR,MASCULINO,19.0,2016-01-01 00:00:00
1,2016-0002,CONDUCTOR,MASCULINO,70.0,2016-01-02 00:00:00
2,2016-0003,CONDUCTOR,MASCULINO,30.0,2016-01-03 00:00:00
3,2016-0004,CONDUCTOR,MASCULINO,18.0,SD
4,2016-0005,CONDUCTOR,MASCULINO,29.0,2016-02-01 00:00:00
5,2016-0008,CONDUCTOR,MASCULINO,30.0,2016-01-24 00:00:00
6,2016-0009,PASAJERO_ACOMPAÑANTE,MASCULINO,29.0,2016-01-26 00:00:00
7,2016-0010,CONDUCTOR,MASCULINO,18.0,2016-01-29 00:00:00
8,2016-0012,CONDUCTOR,MASCULINO,22.0,2016-02-08 00:00:00
9,2016-0013,PEATON,MASCULINO,16.0,2016-02-10 00:00:00
10,2016-0015,PEATON,FEMENINO,16.0,2016-02-14 00:00:00
11,2016-0016,PASAJERO_ACOMPAÑANTE,FEMENINO,19.0,2016-02-14 00:00:00
12,2016-0017,PEATON,MASCULINO,59.0,2016-02-16 00:00:00
13,2016-0019,PEATON,FEMENINO,65.0,2016-02-17 00:00:00
14,2016-0020,PEATON,MASCULINO,59.0,2016-03-02 00:00:00
15,2016-0021,CONDUCTOR,MASCULINO,34.0,2016-02-17 00:00:00
16,2016-0022,PASAJERO_ACOMPAÑANTE,MASCULINO,41.0,SD
17,2016-0025,PASAJERO_ACOMPAÑANTE,MASCULINO,34.0,2016-02-28 00:00:00
18,2016-0026,CONDUCTOR,MASCULINO,30.0,2016-03-04 00:00:00
19,2016-0027,PASAJERO_ACOMPAÑANTE,MASCULINO,34.0,SD
20,2016-0028,PEATON,MASCULINO,50.0,2016-03-02 00:00:00
21,2016-0029,PEATON,MASCULINO,38.0,2016-03-04 00:00:00
22,2016-0031,CONDUCTOR,MASCULINO,21.0,SD
23,2016-0034,PEATON,MASCULINO,52.0,2016-03-12 00:00:00
24,2016-0035,CONDUCTOR,MASCULINO,34.0,2016-03-13 00:00:00
25,2016-0036,PASAJERO_ACOMPAÑANTE,MASCULINO,36.0,2016-03-14 00:00:00
26,2016-0037,CONDUCTOR,MASCULINO,20.0,2016-03-19 00:00:00
27,2016-0038,PEATON,MASCULINO,29.0,2016-03-21 00:00:00
28,2016-0039,CONDUCTOR,MASCULINO,20.0,2016-03-23 00:00:00
29,2016-0041,CONDUCTOR,MASCULINO,54.0,2016-03-29 00:00:00
30,2016-0041,PASAJERO_ACOMPAÑANTE,MASCULINO,42.0,2016-03-30 00:00:00
31,2016-0043,PEATON,FEMENINO,56.0,2016-03-30 00:00:00
32,2016-0044,CONDUCTOR,MASCULINO,24.0,2016-03-31 00:00:00
33,2016-0045,CONDUCTOR,MASCULINO,42.0,SD
34,2016-0047,PEATON,MASCULINO,41.0,2016-04-15 00:00:00
35,2016-0048,PEATON,FEMENINO,42.0,SD
36,2016-0049,SD,SD,42.0,SD
37,2016-0050,PEATON,MASCULINO,78.0,2016-04-19 00:00:00
38,2016-0051,CONDUCTOR,MASCULINO,36.0,2016-04-20 00:00:00
39,2016-0052,SD,SD,42.0,SD
40,2016-0053,PEATON,MASCULINO,38.0,2016-04-22 00:00:00
41,2016-0054,CONDUCTOR,MASCULINO,30.0,2016-04-25 00:00:00
42,2016-0055,PEATON,MASCULINO,79.0,2016-04-28 00:00:00
43,2016-0056,CONDUCTOR,MASCULINO,26.0,2016-04-26 00:00:00
44,2016-0058,PEATON,FEMENINO,57.0,2016-05-08 00:00:00
45,2016-0059,PEATON,MASCULINO,37.0,2016-05-26 00:00:00
46,2016-0064,PEATON,MASCULINO,20.0,SD
47,2016-0065,PEATON,MASCULINO,20.0,2016-05-20 00:00:00
48,2016-0067,PASAJERO_ACOMPAÑANTE,FEMENINO,30.0,SD
49,2016-0068,CONDUCTOR,MASCULINO,58.0,SD
50,2016-0069,CONDUCTOR,MASCULINO,30.0,2016-05-23 00:00:00
51,2016-0073,CONDUCTOR,MASCULINO,23.0,SD
52,2016-0074,CONDUCTOR,MASCULINO,60.0,SD
53,2016-0075,PEATON,MASCULINO,42.0,2016-06-12 00:00:00
54,2016-0076,PEATON,FEMENINO,53.0,2016-06-13 00:00:00
55,2016-0077,PEATON,FEMENINO,42.0,SD
56,2016-0078,CONDUCTOR,MASCULINO,30.0,SD
57,2016-0079,CONDUCTOR,FEMENINO,51.0,SD
58,2016-0080,CONDUCTOR,MASCULINO,60.0,SD
59,2016-0081,CONDUCTOR,MASCULINO,40.0,SD
60,2016-0082,PEATON,MASCULINO,87.0,2016-07-05 00:00:00
61,2016-0083,PEATON,FEMENINO,76.0,2016-06-29 00:00:00
62,2016-0084,PEATON,MASCULINO,57.0,2016-07-08 00:00:00
63,2016-0085,SD,MASCULINO,42.0,SD
64,2016-0086,PEATON,MASCULINO,75.0,2016-07-01 00:00:00
65,2016-0087,CONDUCTOR,MASCULINO,23.0,2016-07-03 00:00:00
66,2016-0088,PEATON,FEMENINO,70.0,2016-07-14 00:00:00
67,2016-0089,PEATON,MASCULINO,35.0,2016-07-14 00:00:00
68,2016-0090,PEATON,MASCULINO,60.0,2016-07-15 00:00:00
69,2016-0092,CONDUCTOR,MASCULINO,24.0,2016-07-15 00:00:00
70,2016-0093,CONDUCTOR,MASCULINO,35.0,2016-07-19 00:00:00
71,2016-0095,CONDUCTOR,MASCULINO,29.0,2016-07-23 00:00:00
72,2016-0096,CONDUCTOR,MASCULINO,42.0,SD
73,2016-0097,PEATON,MASCULINO,80.0,2016-08-12 00:00:00
74,2016-0098,CONDUCTOR,FEMENINO,43.0,SD
75,2016-0099,CONDUCTOR,MASCULINO,45.0,SD
76,2016-0100,CONDUCTOR,MASCULINO,57.0,2016-08-03 00:00:00
77,2016-0101,SD,MASCULINO,67.0,SD
78,2016-0102,CONDUCTOR,MASCULINO,29.0,SD
79,2016-0104,CONDUCTOR,MASCULINO,21.0,2016-08-15 00:00:00
80,2016-0105,PEATON,MASCULINO,19.0,2016-08-26 00:00:00
81,2016-0106,PEATON,MASCULINO,38.0,SD
82,2016-0107,CONDUCTOR,MASCULINO,21.0,SD
83,2016-0109,CONDUCTOR,FEMENINO,53.0,2016-08-24 00:00:00
84,2016-0110,PEATON,MASCULINO,57.0,SD
85,2016-0111,CONDUCTOR,MASCULINO,27.0,2016-08-25 00:00:00
86,2016-0112,CONDUCTOR,MASCULINO,24.0,2016-08-27 00:00:00
87,2016-0113,PEATON,FEMENINO,60.0,SD
88,2016-0114,CICLISTA,FEMENINO,55.0,2016-08-31 00:00:00
89,2016-0115,SD,MASCULINO,42.0,SD
90,2016-0116,CONDUCTOR,MASCULINO,30.0,2016-09-02 00:00:00
91,2016-0117,CONDUCTOR,MASCULINO,43.0,SD
92,2016-0118,CONDUCTOR,MASCULINO,27.0,2016-09-04 00:00:00
93,2016-0119,PASAJERO_ACOMPAÑANTE,FEMENINO,42.0,SD
94,2016-0122,CICLISTA,MASCULINO,49.0,2016-09-13 00:00:00
95,2016-0123,CONDUCTOR,FEMENINO,58.0,SD
96,2016-0124,PEATON,MASCULINO,67.0,SD
97,2016-0125,CONDUCTOR,MASCULINO,30.0,SD
98,2016-0126,CONDUCTOR,MASCULINO,37.0,SD
99,2016-0126,PASAJERO_ACOMPAÑANTE,MASCULINO,60.0,SD
100,2016-0127,PEATON,MASCULINO,50.0,SD
101,2016-0128,PEATON,FEMENINO,81.0,2016-10-02 00:00:00
102,2016-0130,CONDUCTOR,MASCULINO,29.0,2016-10-04 00:00:00
103,2016-0131,PEATON,MASCULINO,35.0,SD
104,2016-0132,PASAJERO_ACOMPAÑANTE,MASCULINO,30.0,2016-10-10 00:00:00
105,2016-0133,CONDUCTOR,MASCULINO,41.0,2016-10-25 00:00:00
106,2016-0134,CONDUCTOR,MASCULINO,25.0,2016-10-23 00:00:00
107,2016-0135,PEATON,MASCULINO,29.0,2016-10-25 00:00:00
108,2016-0136,CONDUCTOR,SD,42.0,SD
109,2016-0137,CONDUCTOR,MASCULINO,30.0,SD
110,2016-0138,CICLISTA,FEMENINO,33.0,SD
111,2016-0139,PASAJERO_ACOMPAÑANTE,FEMENINO,35.0,SD
112,2016-0140,PASAJERO_ACOMPAÑANTE,MASCULINO,20.0,SD
113,2016-0142,CONDUCTOR,MASCULINO,46.0,2016-11-05 00:00:00
114,2016-0143,CONDUCTOR,MASCULINO,35.0,SD
115,2016-0144,PEATON,MASCULINO,83.0,SD
116,2016-0145,CONDUCTOR,MASCULINO,39.0,2016-11-07 00:00:00
117,2016-0146,PEATON,FEMENINO,29.0,SD
118,2016-0147,PASAJERO_ACOMPAÑANTE,MASCULINO,55.0,2016-11-16 00:00:00
119,2016-0148,CONDUCTOR,MASCULINO,42.0,SD
120,2016-0150,PASAJERO_ACOMPAÑANTE,MASCULINO,41.0,2016-11-18 00:00:00
121,2016-0151,PEATON,SD,42.0,SD
122,2016-0152,CONDUCTOR,MASCULINO,42.0,2016-11-24 00:00:00
123,2016-0153,PEATON,FEMENINO,83.0,2016-11-25 00:00:00
124,2016-0154,CONDUCTOR,MASCULINO,38.0,SD
125,2016-0155,PEATON,FEMENINO,29.0,SD
126,2016-0156,CONDUCTOR,MASCULINO,23.0,2016-11-30 00:00:00
127,2016-0157,CONDUCTOR,MASCULINO,23.0,SD
128,2016-0159,CONDUCTOR,MASCULINO,23.0,SD
129,2016-0160,CONDUCTOR,MASCULINO,29.0,2016-12-06 00:00:00
130,2016-0161,PEATON,MASCULINO,50.0,2016-12-06 00:00:00
131,2016-0162,PEATON,MASCULINO,38.0,2017-01-01 00:00:00
132,2016-0163,CONDUCTOR,MASCULINO,23.0,SD
133,2016-0164,CONDUCTOR,MASCULINO,29.0,SD
134,2016-0165,CICLISTA,MASCULINO,37.0,SD
135,2016-0168,CONDUCTOR,MASCULINO,43.0,2016-12-13 00:00:00
136,2016-0169,CONDUCTOR,MASCULINO,24.0,2016-12-16 00:00:00
137,2016-0170,PASAJERO_ACOMPAÑANTE,MASCULINO,21.0,2016-12-19 00:00:00
138,2016-0171,CONDUCTOR,SD,42.0,SD
139,2016-0172,CONDUCTOR,MASCULINO,38.0,2016-12-26 00:00:00
140,2016-0173,CONDUCTOR,MASCULINO,35.0,SD
141,2016-0174,SD,SD,42.0,SD
142,2016-0175,PEATON,FEMENINO,42.0,SD
143,2016-0176,CONDUCTOR,MASCULINO,28.0,SD
144,2016-0177,PEATON,FEMENINO,27.0,SD
145,2016-0178,PEATON,FEMENINO,7.0,SD
146,2017-0001,CONDUCTOR,MASCULINO,18.0,2017-01-02 00:00:00
147,2017-0003,PASAJERO_ACOMPAÑANTE,MASCULINO,33.0,2017-01-05 00:00:00
148,2017-0007,PEATON,MASCULINO,48.0,2017-01-11 00:00:00
149,2017-0008,CONDUCTOR,MASCULINO,29.0,2017-01-16 00:00:00
150,2017-0009,CONDUCTOR,MASCULINO,36.0,2017-01-16 00:00:00
151,2017-0010,CONDUCTOR,MASCULINO,23.0,2017-01-16 00:00:00
152,2017-0011,PASAJERO_ACOMPAÑANTE,FEMENINO,29.0,2017-01-22 00:00:00
153,2017-0012,CONDUCTOR,MASCULINO,30.0,2017-01-24 00:00:00
154,2017-0013,PEATON,MASCULINO,4.0,2017-01-27 00:00:00
155,2017-0014,PASAJERO_ACOMPAÑANTE,FEMENINO,22.0,2017-01-28 00:00:00
156,2017-0015,PEATON,MASCULINO,82.0,2017-02-21 00:00:00
157,2017-0016,CONDUCTOR,MASCULINO,27.0,2017-02-04 00:00:00
158,2017-0017,CONDUCTOR,MASCULINO,32.0,2017-02-06 00:00:00
159,2017-0018,CONDUCTOR,MASCULINO,30.0,2017-02-09 00:00:00
160,2017-0021,CONDUCTOR,MASCULINO,43.0,2017-02-18 00:00:00
161,2017-0024,PEATON,MASCULINO,39.0,2017-02-23 00:00:00
162,2017-0025,CONDUCTOR,MASCULINO,23.0,2017-02-24 00:00:00
163,2017-0026,PASAJERO_ACOMPAÑANTE,FEMENINO,23.0,2017-02-26 00:00:00
164,2017-0026,CONDUCTOR,MASCULINO,19.0,2017-02-26 00:00:00
165,2017-0027,PEATON,MASCULINO,42.0,2017-02-26 00:00:00
166,2017-0028,PEATON,MASCULINO,87.0,2017-02-28 00:00:00
167,2017-0029,SD,MASCULINO,34.0,2017-03-07 00:00:00
168,2017-0030,CONDUCTOR,FEMENINO,27.0,2017-03-07 00:00:00
169,2017-0031,PASAJERO_ACOMPAÑANTE,MASCULINO,70.0,2017-03-11 00:00:00
170,2017-0032,PASAJERO_ACOMPAÑANTE,FEMENINO,40.0,2017-03-12 00:00:00
171,2017-0033,CONDUCTOR,MASCULINO,28.0,2017-03-12 00:00:00
172,2017-0034,PEATON,MASCULINO,43.0,2017-03-13 00:00:00
173,2017-0035,CONDUCTOR,MASCULINO,28.0,2017-03-23 00:00:00
174,2017-0035,PASAJERO_ACOMPAÑANTE,MASCULINO,32.0,2017-03-23 00:00:00
175,2017-0035,PASAJERO_ACOMPAÑANTE,MASCULINO,30.0,2017-03-23 00:00:00
176,2017-0036,PASAJERO_ACOMPAÑANTE,FEMENINO,42.0,2017-03-29 00:00:00
177,2017-0036,CONDUCTOR,MASCULINO,20.0,2017-03-29 00:00:00
178,2017-0037,CONDUCTOR,MASCULINO,41.0,2017-03-31 00:00:00
179,2017-0038,CONDUCTOR,FEMENINO,40.0,2017-04-01 00:00:00
180,2017-0040,CONDUCTOR,MASCULINO,43.0,2017-04-03 00:00:00
181,2017-0041,CONDUCTOR,MASCULINO,17.0,SD
182,2017-0042,CONDUCTOR,MASCULINO,42.0,2017-04-10 00:00:00
183,2017-0045,CONDUCTOR,MASCULINO,21.0,2017-04-14 00:00:00
184,2017-0047,CONDUCTOR,MASCULINO,37.0,2017-04-23 00:00:00
185,2017-0049,PEATON,MASCULINO,22.0,2017-04-27 00:00:00
186,2017-0050,CONDUCTOR,MASCULINO,46.0,2017-04-28 00:00:00
187,2017-0050,PASAJERO_ACOMPAÑANTE,MASCULINO,16.0,2017-04-28 00:00:00
188,2017-0051,CONDUCTOR,MASCULINO,33.0,2017-05-01 00:00:00
189,2017-0052,PEATON,FEMENINO,47.0,2017-05-05 00:00:00
190,2017-0053,CONDUCTOR,MASCULINO,28.0,2017-05-05 00:00:00
191,2017-0054,PASAJERO_ACOMPAÑANTE,FEMENINO,20.0,2017-05-07 00:00:00
192,2017-0055,CONDUCTOR,MASCULINO,32.0,2017-05-09 00:00:00
193,2017-0058,PEATON,MASCULINO,80.0,2017-05-09 00:00:00
194,2017-0059,PEATON,FEMENINO,39.0,2017-05-11 00:00:00
195,2017-0060,PASAJERO_ACOMPAÑANTE,MASCULINO,30.0,2017-05-13 00:00:00
196,2017-0061,PEATON,MASCULINO,47.0,2017-05-16 00:00:00
197,2017-0062,CONDUCTOR,MASCULINO,35.0,2017-05-15 00:00:00
198,2017-0063,PEATON,FEMENINO,79.0,2017-05-17 00:00:00
199,2017-0064,PASAJERO_ACOMPAÑANTE,MASCULINO,61.0,2017-05-20 00:00:00
200,2017-0065,CICLISTA,MASCULINO,21.0,2017-05-22 00:00:00
201,2017-0066,PEATON,MASCULINO,10.0,2017-05-22 00:00:00
202,2017-0067,CONDUCTOR,MASCULINO,21.0,2017-05-23 00:00:00
203,2017-0068,CONDUCTOR,MASCULINO,32.0,2017-05-27 00:00:00
204,2017-0069,CONDUCTOR,MASCULINO,39.0,2017-05-29 00:00:00
205,2017-0070,PEATON,MASCULINO,80.0,2017-05-31 00:00:00
206,2017-0072,CONDUCTOR,MASCULINO,25.0,2017-06-03 00:00:00
207,2017-0073,CONDUCTOR,MASCULINO,19.0,2017-06-04 00:00:00
208,2017-0074,SD,MASCULINO,70.0,2017-06-04 00:00:00
209,2017-0075,PEATON,MASCULINO,55.0,2017-06-12 00:00:00
210,2017-0076,PEATON,FEMENINO,30.0,2017-06-13 00:00:00
211,2017-0077,CONDUCTOR,FEMENINO,60.0,2017-06-18 00:00:00
212,2017-0079,CONDUCTOR,MASCULINO,33.0,2017-06-19 00:00:00
213,2017-0080,PEATON,FEMENINO,95.0,2017-06-22 00:00:00
214,2017-0082,PEATON,MASCULINO,36.0,2017-06-25 00:00:00
215,2017-0083,CONDUCTOR,MASCULINO,37.0,2017-07-04 00:00:00
216,2017-0084,PEATON,FEMENINO,73.0,2017-07-05 00:00:00
217,2017-0085,PEATON,MASCULINO,84.0,2017-07-07 00:00:00
218,2017-0086,PEATON,FEMENINO,30.0,2017-07-09 00:00:00
219,2017-0087,PEATON,FEMENINO,73.0,2017-07-10 00:00:00
220,2017-0088,PEATON,MASCULINO,43.0,2017-07-10 00:00:00
221,2017-0089,SD,MASCULINO,23.0,SD
222,2017-0090,PEATON,MASCULINO,22.0,2017-07-15 00:00:00
223,2017-0091,CONDUCTOR,MASCULINO,58.0,2017-07-15 00:00:00
224,2017-0092,PEATON,MASCULINO,66.0,2017-07-24 00:00:00
225,2017-0093,PEATON,MASCULINO,42.0,2017-07-25 00:00:00
226,2017-0094,CICLISTA,FEMENINO,56.0,2017-07-27 00:00:00
227,2017-0095,CONDUCTOR,MASCULINO,36.0,2017-08-06 00:00:00
228,2017-0096,PEATON,MASCULINO,87.0,2017-08-07 00:00:00
229,2017-0098,PEATON,FEMENINO,61.0,2017-08-08 00:00:00
230,2017-0099,CICLISTA,MASCULINO,28.0,2017-08-17 00:00:00
231,2017-0100,PASAJERO_ACOMPAÑANTE,FEMENINO,16.0,2017-08-21 00:00:00
232,2017-0101,PEATON,FEMENINO,61.0,2017-08-23 00:00:00
233,2017-0102,PEATON,MASCULINO,46.0,2017-08-24 00:00:00
234,2017-0104,PEATON,FEMENINO,18.0,2017-08-25 00:00:00
235,2017-0106,PEATON,FEMENINO,85.0,2017-08-31 00:00:00
236,2017-0107,CONDUCTOR,MASCULINO,41.0,2017-09-01 00:00:00
237,2017-0108,PASAJERO_ACOMPAÑANTE,MASCULINO,17.0,2017-09-02 00:00:00
238,2017-0108,PASAJERO_ACOMPAÑANTE,MASCULINO,10.0,2017-09-02 00:00:00
239,2017-0109,CONDUCTOR,MASCULINO,21.0,2017-09-05 00:00:00
240,2017-0110,PEATON,MASCULINO,56.0,2017-09-07 00:00:00
241,2017-0111,PEATON,FEMENINO,79.0,2017-09-07 00:00:00
242,2017-0112,PASAJERO_ACOMPAÑANTE,MASCULINO,1.0,SD
243,2017-0112,PASAJERO_ACOMPAÑANTE,MASCULINO,42.0,2017-09-13 00:00:00
244,2017-0113,PEATON,FEMENINO,76.0,2017-09-11 00:00:00
245,2017-0114,CONDUCTOR,MASCULINO,26.0,2017-09-15 00:00:00
246,2017-0115,CONDUCTOR,MASCULINO,34.0,SD
247,2017-0116,CONDUCTOR,MASCULINO,22.0,2017-09-20 00:00:00
248,2017-0118,PASAJERO_ACOMPAÑANTE,FEMENINO,26.0,2017-09-29 00:00:00
249,2017-0120,CONDUCTOR,MASCULINO,20.0,2017-10-02 00:00:00
250,2017-0123,PEATON,FEMENINO,36.0,2017-10-10 00:00:00
251,2017-0124,CONDUCTOR,MASCULINO,51.0,2017-10-12 00:00:00
252,2017-0125,CONDUCTOR,MASCULINO,29.0,2017-10-13 00:00:00
253,2017-0126,PASAJERO_ACOMPAÑANTE,MASCULINO,39.0,SD
254,2017-0126,CONDUCTOR,MASCULINO,36.0,2017-10-14 00:00:00
255,2017-0127,PASAJERO_ACOMPAÑANTE,MASCULINO,24.0,2017-10-16 00:00:00
256,2017-0128,PEATON,FEMENINO,60.0,2017-10-17 00:00:00
257,2017-0129,CONDUCTOR,MASCULINO,57.0,2017-10-26 00:00:00
258,2017-0130,CONDUCTOR,MASCULINO,23.0,2017-10-27 00:00:00
259,2017-0132,CONDUCTOR,MASCULINO,23.0,2017-10-30 00:00:00
260,2017-0134,PEATON,FEMENINO,47.0,2017-11-06 00:00:00
261,2017-0135,CONDUCTOR,MASCULINO,24.0,2017-11-07 00:00:00
262,2017-0136,PEATON,MASCULINO,55.0,2017-11-16 00:00:00
263,2017-0137,PEATON,FEMENINO,60.0,2017-11-17 00:00:00
264,2017-0138,PASAJERO_ACOMPAÑANTE,MASCULINO,25.0,2017-11-19 00:00:00
265,2017-0139,PASAJERO_ACOMPAÑANTE,FEMENINO,15.0,2017-11-19 00:00:00
266,2017-0140,CONDUCTOR,MASCULINO,24.0,2017-11-19 00:00:00
267,2017-0141,PEATON,FEMENINO,22.0,2017-11-23 00:00:00
268,2017-0143,CONDUCTOR,MASCULINO,50.0,2017-11-25 00:00:00
269,2017-0144,PASAJERO_ACOMPAÑANTE,FEMENINO,50.0,2017-11-26 00:00:00
270,2017-0145,CONDUCTOR,MASCULINO,58.0,2017-11-26 00:00:00
271,2017-0147,CONDUCTOR,MASCULINO,49.0,2017-11-28 00:00:00
272,2017-0148,PEATON,FEMENINO,82.0,2017-11-29 00:00:00
273,2017-0149,PEATON,MASCULINO,13.0,2017-11-30 00:00:00
274,2017-0150,PEATON,MASCULINO,56.0,2017-12-04 00:00:00
275,2017-0151,PEATON,MASCULINO,42.0,2017-12-04 00:00:00
276,2017-0152,CICLISTA,MASCULINO,19.0,2017-12-06 00:00:00
277,2017-0153,PASAJERO_ACOMPAÑANTE,MASCULINO,42.0,2017-12-12 00:00:00
278,2017-0153,CONDUCTOR,MASCULINO,30.0,2017-12-12 00:00:00
279,2017-0154,PEATON,MASCULINO,76.0,2017-12-11 00:00:00
280,2017-0155,SD,MASCULINO,77.0,SD
281,2017-0157,CONDUCTOR,MASCULINO,53.0,2017-12-17 00:00:00
282,2017-0158,CONDUCTOR,MASCULINO,32.0,2017-12-18 00:00:00
283,2017-0159,CONDUCTOR,MASCULINO,27.0,2017-12-20 00:00:00
284,2017-0160,PEATON,FEMENINO,30.0,2017-12-22 00:00:00
285,2017-0161,PEATON,FEMENINO,30.0,2017-12-26 00:00:00
286,2018-0001,PEATON,MASCULINO,83.0,2018-01-02 00:00:00
287,2018-0002,CICLISTA,FEMENINO,26.0,2018-01-03 00:00:00
288,2018-0003,PEATON,FEMENINO,58.0,2018-01-05 00:00:00
289,2018-0004,CONDUCTOR,MASCULINO,39.0,2018-01-09 00:00:00
290,2018-0005,PEATON,MASCULINO,54.0,2018-01-09 00:00:00
291,2018-0006,CICLISTA,FEMENINO,45.0,2018-01-10 00:00:00
292,2018-0007,CONDUCTOR,MASCULINO,46.0,2018-01-11 00:00:00
293,2018-0008,CONDUCTOR,FEMENINO,32.0,2018-01-12 00:00:00
294,2018-0009,CONDUCTOR,MASCULINO,19.0,2018-01-14 00:00:00
295,2018-0010,CONDUCTOR,MASCULINO,40.0,2018-01-18 00:00:00
296,2018-0011,PEATON,MASCULINO,84.0,2018-01-19 00:00:00
297,2018-0012,CONDUCTOR,MASCULINO,20.0,2018-01-26 00:00:00
298,2018-0013,CONDUCTOR,MASCULINO,44.0,2018-01-28 00:00:00
299,2018-0014,PEATON,MASCULINO,42.0,2018-02-04 00:00:00
300,2018-0015,CONDUCTOR,MASCULINO,28.0,2018-02-06 00:00:00
301,2018-0015,PASAJERO_ACOMPAÑANTE,MASCULINO,19.0,2018-02-06 00:00:00
302,2018-0016,CONDUCTOR,MASCULINO,31.0,2018-02-15 00:00:00
303,2018-0017,PEATON,MASCULINO,35.0,2018-02-20 00:00:00
304,2018-0018,CONDUCTOR,MASCULINO,26.0,2018-02-17 00:00:00
305,2018-0019,PEATON,FEMENINO,80.0,2018-02-17 00:00:00
306,2018-0020,CONDUCTOR,MASCULINO,26.0,2018-02-19 00:00:00
307,2018-0021,PEATON,FEMENINO,62.0,2018-02-22 00:00:00
308,2018-0022,CONDUCTOR,MASCULINO,28.0,2018-02-24 00:00:00
309,2018-0023,CONDUCTOR,MASCULINO,28.0,2018-02-24 00:00:00
310,2018-0024,PEATON,MASCULINO,70.0,2018-02-28 00:00:00
311,2018-0025,PEATON,MASCULINO,70.0,2018-03-05 00:00:00
312,2018-0026,CONDUCTOR,MASCULINO,24.0,2018-03-09 00:00:00
313,2018-0026,PASAJERO_ACOMPAÑANTE,MASCULINO,30.0,2018-03-09 00:00:00
314,2018-0027,PEATON,FEMENINO,74.0,2018-03-11 00:00:00
315,2018-0028,PEATON,MASCULINO,71.0,2018-03-13 00:00:00
316,2018-0029,CONDUCTOR,MASCULINO,26.0,2018-03-15 00:00:00
317,2018-0030,CONDUCTOR,MASCULINO,24.0,2018-03-20 00:00:00
318,2018-0031,CONDUCTOR,MASCULINO,31.0,2018-03-28 00:00:00
319,2018-0032,PEATON,MASCULINO,70.0,2018-04-02 00:00:00
320,2018-0033,CONDUCTOR,FEMENINO,42.0,2018-04-10 00:00:00
321,2018-0034,PEATON,MASCULINO,24.0,2018-04-11 00:00:00
322,2018-0035,PEATON,FEMENINO,39.0,2018-04-12 00:00:00
323,2018-0036,CONDUCTOR,MASCULINO,37.0,2018-04-15 00:00:00
324,2018-0037,PEATON,MASCULINO,84.0,2018-04-19 00:00:00
325,2018-0038,PEATON,FEMENINO,59.0,2018-04-20 00:00:00
326,2018-0038,PEATON,MASCULINO,61.0,2018-04-20 00:00:00
327,2018-0039,PEATON,MASCULINO,37.0,2018-04-21 00:00:00
328,2018-0040,PEATON,FEMENINO,42.0,2018-04-27 00:00:00
329,2018-0041,PEATON,FEMENINO,78.0,2018-04-27 00:00:00
330,2018-0042,PASAJERO_ACOMPAÑANTE,MASCULINO,23.0,2018-04-27 00:00:00
331,2018-0043,CONDUCTOR,MASCULINO,25.0,2018-04-29 00:00:00
332,2018-0044,PEATON,FEMENINO,50.0,2018-04-28 00:00:00
333,2018-0045,CONDUCTOR,MASCULINO,60.0,2018-04-30 00:00:00
334,2018-0046,PEATON,MASCULINO,11.0,2018-05-02 00:00:00
335,2018-0047,PEATON,MASCULINO,82.0,2018-05-09 00:00:00
336,2018-0048,PEATON,MASCULINO,57.0,2018-05-16 00:00:00
337,2018-0049,PEATON,FEMENINO,40.0,2018-05-13 00:00:00
338,2018-0050,PEATON,FEMENINO,47.0,2018-05-24 00:00:00
339,2018-0051,PEATON,FEMENINO,57.0,2018-05-15 00:00:00
340,2018-0052,PEATON,MASCULINO,78.0,2018-05-19 00:00:00
341,2018-0053,CONDUCTOR,MASCULINO,43.0,2018-05-20 00:00:00
342,2018-0054,PEATON,FEMENINO,86.0,2018-05-25 00:00:00
343,2018-0055,CONDUCTOR,MASCULINO,21.0,2018-05-29 00:00:00
344,2018-0056,PEATON,FEMENINO,69.0,2018-06-04 00:00:00
345,2018-0057,CONDUCTOR,MASCULINO,33.0,2018-06-04 00:00:00
346,2018-0058,CONDUCTOR,MASCULINO,26.0,2018-06-13 00:00:00
347,2018-0059,CONDUCTOR,MASCULINO,54.0,2018-06-08 00:00:00
348,2018-0060,PEATON,MASCULINO,51.0,2018-06-08 00:00:00
349,2018-0061,CONDUCTOR,MASCULINO,51.0,2018-06-10 00:00:00
350,2018-0062,PEATON,MASCULINO,32.0,2018-06-14 00:00:00
351,2018-0063,PEATON,FEMENINO,28.0,2018-06-17 00:00:00
352,2018-0064,CONDUCTOR,MASCULINO,30.0,2018-06-25 00:00:00
353,2018-0065,CONDUCTOR,MASCULINO,35.0,2018-06-26 00:00:00
354,2018-0066,PEATON,MASCULINO,73.0,2018-06-28 00:00:00
355,2018-0067,PASAJERO_ACOMPAÑANTE,FEMENINO,81.0,2018-07-06 00:00:00
356,2018-0068,CONDUCTOR,MASCULINO,21.0,2018-07-01 00:00:00
357,2018-0069,CICLISTA,MASCULINO,20.0,2018-07-04 00:00:00
358,2018-0070,CONDUCTOR,MASCULINO,33.0,2018-07-07 00:00:00
359,2018-0071,CONDUCTOR,MASCULINO,42.0,2018-07-10 00:00:00
360,2018-0072,CONDUCTOR,MASCULINO,27.0,2018-07-13 00:00:00
361,2018-0073,PEATON,FEMENINO,67.0,2018-07-11 00:00:00
362,2018-0074,CONDUCTOR,MASCULINO,25.0,2018-07-14 00:00:00
363,2018-0075,PEATON,MASCULINO,23.0,2018-07-15 00:00:00
364,2018-0076,CONDUCTOR,MASCULINO,73.0,2018-07-16 00:00:00
365,2018-0077,CONDUCTOR,MASCULINO,58.0,2018-07-17 00:00:00
366,2018-0078,PEATON,MASCULINO,27.0,2018-07-21 00:00:00
367,2018-0079,PEATON,MASCULINO,42.0,2018-07-23 00:00:00
368,2018-0080,PEATON,MASCULINO,26.0,2018-07-25 00:00:00
369,2018-0081,PEATON,MASCULINO,35.0,2018-07-29 00:00:00
370,2018-0082,CONDUCTOR,FEMENINO,17.0,2018-08-01 00:00:00
371,2018-0083,CONDUCTOR,MASCULINO,42.0,2018-08-02 00:00:00
372,2018-0084,PEATON,MASCULINO,45.0,2018-08-03 00:00:00
373,2018-0085,PASAJERO_ACOMPAÑANTE,FEMENINO,22.0,2018-08-03 00:00:00
374,2018-0085,CONDUCTOR,MASCULINO,30.0,2018-08-03 00:00:00
375,2018-0086,PEATON,MASCULINO,40.0,2018-08-10 00:00:00
376,2018-0087,PEATON,MASCULINO,75.0,2018-08-20 00:00:00
377,2018-0088,CONDUCTOR,MASCULINO,42.0,2018-08-17 00:00:00
378,2018-0089,PEATON,MASCULINO,80.0,2018-08-17 00:00:00
379,2018-0090,CONDUCTOR,MASCULINO,27.0,2018-08-18 00:00:00
380,2018-0091,PASAJERO_ACOMPAÑANTE,FEMENINO,23.0,2018-08-19 00:00:00
381,2018-0092,CONDUCTOR,MASCULINO,23.0,2018-08-20 00:00:00
382,2018-0093,PEATON,MASCULINO,24.0,2018-08-20 00:00:00
383,2018-0094,CONDUCTOR,MASCULINO,32.0,2018-08-23 00:00:00
384,2018-0095,PASAJERO_ACOMPAÑANTE,FEMENINO,49.0,2018-08-26 00:00:00
385,2018-0096,PEATON,MASCULINO,39.0,2018-08-31 00:00:00
386,2018-0097,CONDUCTOR,FEMENINO,35.0,2018-09-02 00:00:00
387,2018-0098,CONDUCTOR,MASCULINO,55.0,2018-09-09 00:00:00
388,2018-0098,PASAJERO_ACOMPAÑANTE,MASCULINO,54.0,2018-09-09 00:00:00
389,2018-0099,PEATON,MASCULINO,18.0,2018-09-13 00:00:00
390,2018-0100,SD,FEMENINO,33.0,2018-09-20 00:00:00
391,2018-0101,CONDUCTOR,MASCULINO,42.0,2018-09-21 00:00:00
392,2018-0102,CONDUCTOR,MASCULINO,20.0,2018-09-21 00:00:00
393,2018-0103,PEATON,MASCULINO,1.0,2018-09-29 00:00:00
394,2018-0104,CONDUCTOR,MASCULINO,22.0,2018-10-01 00:00:00
395,2018-0105,PEATON,FEMENINO,56.0,2018-10-03 00:00:00
396,2018-0106,CONDUCTOR,MASCULINO,27.0,2018-10-04 00:00:00
397,2018-0107,PEATON,FEMENINO,62.0,2018-10-06 00:00:00
398,2018-0108,CONDUCTOR,MASCULINO,37.0,2018-10-10 00:00:00
399,2018-0109,PEATON,MASCULINO,34.0,2018-10-10 00:00:00
400,2018-0110,PEATON,MASCULINO,60.0,2018-10-14 00:00:00
401,2018-0111,CONDUCTOR,MASCULINO,28.0,2018-10-19 00:00:00
402,2018-0112,CONDUCTOR,FEMENINO,28.0,2018-10-24 00:00:00
403,2018-0113,CONDUCTOR,MASCULINO,20.0,2018-10-25 00:00:00
404,2018-0114,CONDUCTOR,MASCULINO,23.0,2018-10-30 00:00:00
405,2018-0115,PEATON,MASCULINO,42.0,2018-11-01 00:00:00
406,2018-0116,PEATON,MASCULINO,48.0,2018-11-08 00:00:00
407,2018-0117,CONDUCTOR,MASCULINO,30.0,2018-11-08 00:00:00
408,2018-0118,PEATON,FEMENINO,80.0,2018-11-05 00:00:00
409,2018-0119,PEATON,FEMENINO,32.0,2018-11-06 00:00:00
410,2018-0120,PEATON,FEMENINO,51.0,2018-11-20 00:00:00
411,2018-0121,PEATON,FEMENINO,72.0,2018-11-09 00:00:00
412,2018-0122,CONDUCTOR,MASCULINO,33.0,2018-11-12 00:00:00
413,2018-0123,CONDUCTOR,MASCULINO,25.0,2018-11-12 00:00:00
414,2018-0124,CONDUCTOR,MASCULINO,44.0,2018-11-15 00:00:00
415,2018-0125,PEATON,MASCULINO,29.0,2018-11-17 00:00:00
416,2018-0126,CONDUCTOR,MASCULINO,27.0,2018-11-23 00:00:00
417,2018-0127,CONDUCTOR,MASCULINO,29.0,2018-11-19 00:00:00
418,2018-0128,PASAJERO_ACOMPAÑANTE,MASCULINO,49.0,2018-11-25 00:00:00
419,2018-0128,PASAJERO_ACOMPAÑANTE,FEMENINO,39.0,2018-11-25 00:00:00
420,2018-0129,CONDUCTOR,MASCULINO,37.0,2018-11-30 00:00:00
421,2018-0130,CONDUCTOR,MASCULINO,42.0,2018-12-03 00:00:00
422,2018-0131,CONDUCTOR,MASCULINO,29.0,2018-12-07 00:00:00
423,2018-0132,PEATON,MASCULINO,70.0,2018-12-12 00:00:00
424,2018-0133,PEATON,FEMENINO,60.0,2018-12-12 00:00:00
425,2018-0134,PEATON,MASCULINO,56.0,2018-12-13 00:00:00
426,2018-0135,PEATON,MASCULINO,80.0,2018-12-22 00:00:00
427,2018-0136,PEATON,FEMENINO,70.0,2018-12-18 00:00:00
428,2018-0137,PASAJERO_ACOMPAÑANTE,MASCULINO,29.0,2018-12-19 00:00:00
429,2018-0138,PASAJERO_ACOMPAÑANTE,FEMENINO,79.0,2018-12-21 00:00:00
430,2018-0139,PASAJERO_ACOMPAÑANTE,MASCULINO,28.0,2018-12-24 00:00:00
431,2018-0140,CONDUCTOR,MASCULINO,78.0,2018-12-22 00:00:00
432,2018-0141,PEATON,MASCULINO,75.0,2018-12-24 00:00:00
433,2018-0142,PASAJERO_ACOMPAÑANTE,MASCULINO,32.0,2019-01-01 00:00:00
434,2018-0143,CONDUCTOR,MASCULINO,22.0,2018-12-29 00:00:00
435,2019-0001,CONDUCTOR,MASCULINO,25.0,2019-01-08 00:00:00
436,2019-0002,CONDUCTOR,MASCULINO,32.0,2019-01-09 00:00:00
437,2019-0003,CONDUCTOR,MASCULINO,23.0,2019-01-12 00:00:00
438,2019-0004,CONDUCTOR,MASCULINO,71.0,2019-01-14 00:00:00
439,2019-0005,CONDUCTOR,MASCULINO,43.0,2019-01-19 00:00:00
440,2019-0006,PEATON,FEMENINO,12.0,2019-01-23 00:00:00
441,2019-0007,CONDUCTOR,MASCULINO,35.0,2019-01-26 00:00:00
442,2019-0008,CONDUCTOR,MASCULINO,42.0,2019-01-31 00:00:00
443,2019-0009,CONDUCTOR,MASCULINO,34.0,2019-01-31 00:00:00
444,2019-0010,PEATON,MASCULINO,42.0,2019-02-02 00:00:00
445,2019-0010,PEATON,MASCULINO,59.0,2019-02-02 00:00:00
446,2019-0011,PEATON,MASCULINO,42.0,2019-02-10 00:00:00
447,2019-0012,CONDUCTOR,MASCULINO,31.0,2019-02-20 00:00:00
448,2019-0013,PEATON,MASCULINO,39.0,2019-03-02 00:00:00
449,2019-0014,CONDUCTOR,MASCULINO,69.0,2019-02-20 00:00:00
450,2019-0015,CONDUCTOR,MASCULINO,21.0,2019-02-23 00:00:00
451,2019-0016,CONDUCTOR,MASCULINO,40.0,2019-02-24 00:00:00
452,2019-0017,CONDUCTOR,MASCULINO,22.0,2019-03-07 00:00:00
453,2019-0018,PEATON,FEMENINO,29.0,2019-03-03 00:00:00
454,2019-0019,CONDUCTOR,MASCULINO,42.0,26/03/2019
455,2019-0020,CONDUCTOR,MASCULINO,43.0,2019-03-07 00:00:00
456,2019-0021,CONDUCTOR,MASCULINO,23.0,2019-03-16 00:00:00
457,2019-0022,PASAJERO_ACOMPAÑANTE,MASCULINO,42.0,2019-03-15 00:00:00
458,2019-0023,CONDUCTOR,MASCULINO,34.0,2019-03-16 00:00:00
459,2019-0024,CONDUCTOR,MASCULINO,32.0,2019-03-19 00:00:00
460,2019-0025,PEATON,MASCULINO,27.0,2019-04-04 00:00:00
461,2019-0026,PEATON,MASCULINO,42.0,2019-03-28 00:00:00
462,2019-0027,CICLISTA,MASCULINO,37.0,2019-03-28 00:00:00
463,2019-0028,PEATON,FEMENINO,42.0,2019-04-06 00:00:00
464,2019-0029,CONDUCTOR,MASCULINO,27.0,2019-04-07 00:00:00
465,2019-0030,CONDUCTOR,MASCULINO,25.0,2019-04-09 00:00:00
466,2019-0031,CICLISTA,MASCULINO,20.0,2019-04-12 00:00:00
467,2019-0032,PEATON,FEMENINO,83.0,2019-04-18 00:00:00
468,2019-0033,CONDUCTOR,MASCULINO,25.0,2019-04-18 00:00:00
469,2019-0034,CONDUCTOR,MASCULINO,42.0,2019-04-21 00:00:00
470,2019-0035,PEATON,FEMENINO,75.0,2019-04-23 00:00:00
471,2019-0036,CONDUCTOR,MASCULINO,34.0,2019-05-02 00:00:00
472,2019-0037,CONDUCTOR,MASCULINO,17.0,2019-05-01 00:00:00
473,2019-0038,PEATON,FEMENINO,42.0,2019-05-05 00:00:00
474,2019-0105,PEATON,FEMENINO,82.0,2019-05-08 00:00:00
475,2019-0039,CONDUCTOR,MASCULINO,28.0,2019-05-09 00:00:00
476,2019-0040,CONDUCTOR,MASCULINO,44.0,2019-05-15 00:00:00
477,2019-0041,PASAJERO_ACOMPAÑANTE,FEMENINO,78.0,2019-05-11 00:00:00
478,2019-0042,PEATON,MASCULINO,39.0,2019-05-14 00:00:00
479,2019-0043,CICLISTA,FEMENINO,42.0,2019-05-21 00:00:00
480,2019-0044,PEATON,FEMENINO,77.0,2019-05-29 00:00:00
481,2019-0045,CONDUCTOR,MASCULINO,33.0,2019-06-03 00:00:00
482,2019-0046,PASAJERO_ACOMPAÑANTE,FEMENINO,26.0,2019-06-04 00:00:00
483,2019-0047,PEATON,MASCULINO,76.0,2019-06-06 00:00:00
484,2019-0048,CONDUCTOR,MASCULINO,32.0,2019-06-07 00:00:00
485,2019-0049,PEATON,FEMENINO,72.0,2019-06-09 00:00:00
486,2019-0050,CONDUCTOR,MASCULINO,21.0,2019-06-09 00:00:00
487,2019-0051,CONDUCTOR,MASCULINO,41.0,2019-06-11 00:00:00
488,2019-0053,PASAJERO_ACOMPAÑANTE,MASCULINO,49.0,2019-06-14 00:00:00
489,2019-0054,CONDUCTOR,MASCULINO,21.0,2019-06-20 00:00:00
490,2019-0055,CONDUCTOR,MASCULINO,47.0,2019-06-21 00:00:00
491,2019-0056,PEATON,FEMENINO,75.0,2019-06-29 00:00:00
492,2019-0057,PEATON,FEMENINO,63.0,2019-07-08 00:00:00
493,2019-0058,CONDUCTOR,MASCULINO,39.0,2019-07-10 00:00:00
494,2019-0059,CONDUCTOR,MASCULINO,30.0,2019-07-13 00:00:00
495,2019-0060,PEATON,FEMENINO,78.0,2019-07-17 00:00:00
496,2019-0061,PEATON,FEMENINO,58.0,2019-07-17 00:00:00
497,2019-0062,PEATON,FEMENINO,60.0,2019-08-02 00:00:00
498,2019-0063,PASAJERO_ACOMPAÑANTE,MASCULINO,42.0,2019-08-04 00:00:00
499,2019-0064,CONDUCTOR,MASCULINO,20.0,2019-08-06 00:00:00
500,2019-0065,PEATON,FEMENINO,55.0,2019-08-09 00:00:00
501,2019-0066,PEATON,MASCULINO,40.0,2019-08-11 00:00:00
502,2019-0067,CONDUCTOR,MASCULINO,35.0,2019-08-14 00:00:00
503,2019-0068,CONDUCTOR,MASCULINO,53.0,2019-08-14 00:00:00
504,2019-0069,CONDUCTOR,MASCULINO,43.0,2019-08-17 00:00:00
505,2019-0070,CONDUCTOR,MASCULINO,25.0,2019-08-22 00:00:00
506,2019-0071,PEATON,MASCULINO,42.0,2019-08-27 00:00:00
507,2019-0072,CONDUCTOR,MASCULINO,22.0,2019-09-02 00:00:00
508,2019-0073,CONDUCTOR,MASCULINO,29.0,2019-09-06 00:00:00
509,2019-0074,CONDUCTOR,MASCULINO,35.0,2019-08-29 00:00:00
510,2019-0075,CONDUCTOR,MASCULINO,31.0,2019-08-30 00:00:00
511,2019-0076,CONDUCTOR,FEMENINO,29.0,2019-09-05 00:00:00
512,2019-0077,PEATON,FEMENINO,28.0,2019-09-08 00:00:00
513,2019-0078,PEATON,FEMENINO,72.0,2019-09-15 00:00:00
514,2019-0079,CONDUCTOR,MASCULINO,57.0,2019-09-17 00:00:00
515,2019-0080,PEATON,MASCULINO,76.0,2019-09-17 00:00:00
516,2019-0081,PEATON,MASCULINO,67.0,2019-10-07 00:00:00
517,2019-0082,CICLISTA,MASCULINO,47.0,2019-09-25 00:00:00
518,2019-0083,CONDUCTOR,MASCULINO,73.0,2019-09-26 00:00:00
519,2019-0084,CICLISTA,FEMENINO,40.0,2019-09-27 00:00:00
520,2019-0085,CICLISTA,MASCULINO,20.0,2019-10-09 00:00:00
521,2019-0086,CONDUCTOR,MASCULINO,29.0,2019-10-15 00:00:00
522,2019-0087,CONDUCTOR,MASCULINO,41.0,2019-10-21 00:00:00
523,2019-0088,PEATON,MASCULINO,27.0,2019-10-22 00:00:00
524,2019-0089,PEATON,FEMENINO,92.0,2019-10-23 00:00:00
525,2019-0090,PEATON,MASCULINO,67.0,2019-10-26 00:00:00
526,2019-0091,PEATON,MASCULINO,35.0,2019-11-01 00:00:00
527,2019-0092,PEATON,MASCULINO,37.0,2019-11-03 00:00:00
528,2019-0093,CICLISTA,MASCULINO,16.0,2019-11-13 00:00:00
529,2019-0094,PASAJERO_ACOMPAÑANTE,FEMENINO,42.0,2019-11-18 00:00:00
530,2019-0095,CONDUCTOR,MASCULINO,42.0,2019-11-20 00:00:00
531,2019-0096,PEATON,MASCULINO,73.0,2019-11-22 00:00:00
532,2019-0097,PASAJERO_ACOMPAÑANTE,FEMENINO,23.0,2019-11-25 00:00:00
533,2019-0098,PASAJERO_ACOMPAÑANTE,FEMENINO,61.0,2019-11-29 00:00:00
534,2019-0100,CONDUCTOR,MASCULINO,38.0,2019-12-18 00:00:00
535,2019-0101,CONDUCTOR,MASCULINO,25.0,2019-12-17 00:00:00
536,2019-0102,CONDUCTOR,MASCULINO,18.0,2019-12-18 00:00:00
537,2019-0103,CONDUCTOR,MASCULINO,24.0,2019-12-18 00:00:00
538,2019-0104,PASAJERO_ACOMPAÑANTE,FEMENINO,23.0,2019-12-22 00:00:00
539,2020-0001,PEATON,FEMENINO,87.0,2020-01-04 00:00:00
540,2020-0002,CONDUCTOR,MASCULINO,36.0,2020-01-07 00:00:00
541,2020-0003,PEATON,MASCULINO,44.0,2020-01-11 00:00:00
542,2020-0004,PEATON,MASCULINO,82.0,2020-01-15 00:00:00
543,2020-0005,CONDUCTOR,MASCULINO,25.0,2020-02-10 00:00:00
544,2020-0006,CONDUCTOR,MASCULINO,23.0,2020-01-20 00:00:00
545,2020-0007,PEATON,MASCULINO,52.0,2020-01-27 00:00:00
546,2020-0008,CONDUCTOR,MASCULINO,49.0,2020-01-30 00:00:00
547,2020-0009,PEATON,MASCULINO,48.0,2020-02-05 00:00:00
548,2020-0010,CONDUCTOR,MASCULINO,42.0,2020-02-08 00:00:00
549,2020-0011,CONDUCTOR,MASCULINO,31.0,2020-02-12 00:00:00
550,2020-0012,PEATON,FEMENINO,66.0,2020-02-18 00:00:00
551,2020-0013,PEATON,FEMENINO,58.0,2020-03-03 00:00:00
552,2020-0014,CONDUCTOR,MASCULINO,42.0,2020-02-27 00:00:00
553,2020-0015,CONDUCTOR,MASCULINO,29.0,2020-02-28 00:00:00
554,2020-0016,PEATON,MASCULINO,68.0,2020-03-09 00:00:00
555,2020-0017,PEATON,MASCULINO,42.0,2020-03-05 00:00:00
556,2020-0018,CONDUCTOR,MASCULINO,31.0,2020-03-09 00:00:00
557,2020-0019,PEATON,FEMENINO,80.0,2020-03-10 00:00:00
558,2020-0020,PEATON,FEMENINO,74.0,2020-03-17 00:00:00
559,2020-0021,PEATON,FEMENINO,87.0,2020-03-14 00:00:00
560,2020-0022,PASAJERO_ACOMPAÑANTE,MASCULINO,44.0,2020-04-07 00:00:00
561,2020-0023,CONDUCTOR,MASCULINO,44.0,2020-05-03 00:00:00
562,2020-0024,CONDUCTOR,MASCULINO,53.0,2020-04-24 00:00:00
563,2020-0025,PEATON,MASCULINO,42.0,2020-05-12 00:00:00
564,2020-0026,CONDUCTOR,MASCULINO,28.0,2020-05-17 00:00:00
565,2020-0027,PEATON,MASCULINO,76.0,2020-05-18 00:00:00
566,2020-0028,PEATON,MASCULINO,91.0,2020-05-23 00:00:00
567,2020-0029,PEATON,MASCULINO,80.0,2020-06-12 00:00:00
568,2020-0030,CONDUCTOR,MASCULINO,40.0,2020-06-16 00:00:00
569,2020-0031,CONDUCTOR,MASCULINO,29.0,2020-06-30 00:00:00
570,2020-0032,CONDUCTOR,MASCULINO,21.0,2020-07-10 00:00:00
571,2020-0033,CONDUCTOR,MASCULINO,32.0,2020-07-19 00:00:00
572,2020-0034,PEATON,FEMENINO,42.0,2020-08-02 00:00:00
573,2020-0035,CONDUCTOR,MASCULINO,40.0,2020-08-04 00:00:00
574,2020-0036,PEATON,MASCULINO,72.0,2020-08-22 00:00:00
575,2020-0037,PEATON,MASCULINO,38.0,2020-08-29 00:00:00
576,2020-0038,CONDUCTOR,MASCULINO,46.0,2020-08-30 00:00:00
577,2020-0038,CONDUCTOR,MASCULINO,64.0,2020-08-30 00:00:00
578,2020-0039,PEATON,MASCULINO,44.0,2020-09-01 00:00:00
579,2020-0040,CONDUCTOR,MASCULINO,42.0,2020-09-12 00:00:00
580,2020-0041,CONDUCTOR,MASCULINO,34.0,2020-09-28 00:00:00
581,2020-0042,PEATON,FEMENINO,53.0,2020-09-29 00:00:00
582,2020-0043,PEATON,MASCULINO,64.0,2020-09-30 00:00:00
583,2020-0044,CONDUCTOR,MASCULINO,43.0,2020-10-05 00:00:00
584,2020-0045,CONDUCTOR,MASCULINO,50.0,2020-10-19 00:00:00
585,2020-0046,CONDUCTOR,MASCULINO,41.0,2020-10-27 00:00:00
586,2020-0047,PEATON,MASCULINO,15.0,2020-10-27 00:00:00
587,2020-0048,CONDUCTOR,MASCULINO,41.0,2020-10-29 00:00:00
588,2020-0049,PEATON,MASCULINO,36.0,2020-10-30 00:00:00
589,2020-0050,PEATON,FEMENINO,28.0,2020-11-01 00:00:00
590,2020-0051,CONDUCTOR,MASCULINO,49.0,2020-11-05 00:00:00
591,2020-0052,CICLISTA,MASCULINO,44.0,2020-11-07 00:00:00
592,2020-0053,PASAJERO_ACOMPAÑANTE,MASCULINO,27.0,2020-11-09 00:00:00
593,2020-0054,CICLISTA,MASCULINO,59.0,2020-11-23 00:00:00
594,2020-0055,PEATON,MASCULINO,91.0,2020-12-11 00:00:00
595,2020-0056,CONDUCTOR,FEMENINO,34.0,2020-11-21 00:00:00
596,2020-0057,PEATON,MASCULINO,84.0,2020-11-23 00:00:00
597,2020-0058,PEATON,MASCULINO,57.0,2020-11-25 00:00:00
598,2020-0059,PEATON,FEMENINO,49.0,2020-12-14 00:00:00
599,2020-0060,PEATON,FEMENINO,69.0,2020-12-03 00:00:00
600,2020-0061,CONDUCTOR,MASCULINO,45.0,2020-12-04 00:00:00
601,2020-0062,CICLISTA,MASCULINO,47.0,2020-12-04 00:00:00
602,2020-0063,PEATON,MASCULINO,38.0,2020-12-05 00:00:00
603,2020-0063,PASAJERO_ACOMPAÑANTE,MASCULINO,21.0,2020-12-05 00:00:00
604,2020-0065,CONDUCTOR,MASCULINO,24.0,2020-12-06 00:00:00
605,2020-0066,CONDUCTOR,MASCULINO,27.0,2020-12-07 00:00:00
606,2020-0067,PEATON,MASCULINO,51.0,2020-12-11 00:00:00
607,2020-0068,CONDUCTOR,MASCULINO,71.0,2020-12-20 00:00:00
608,2020-0069,PASAJERO_ACOMPAÑANTE,MASCULINO,25.0,2020-12-15 00:00:00
609,2020-0070,PEATON,FEMENINO,81.0,2020-12-22 00:00:00
610,2020-0071,PEATON,MASCULINO,4.0,2020-12-17 00:00:00
611,2020-0072,CICLISTA,MASCULINO,42.0,2020-12-19 00:00:00
612,2020-0073,CONDUCTOR,MASCULINO,56.0,2020-12-20 00:00:00
613,2020-0074,CONDUCTOR,MASCULINO,39.0,2020-12-20 00:00:00
614,2020-0075,PEATON,MASCULINO,23.0,2020-12-23 00:00:00
615,2020-0076,CONDUCTOR,FEMENINO,78.0,2021-01-17 00:00:00
616,2020-0077,CONDUCTOR,FEMENINO,30.0,2020-12-25 00:00:00
617,2020-0077,PASAJERO_ACOMPAÑANTE,FEMENINO,24.0,2020-12-25 00:00:00
618,2020-0078,CICLISTA,MASCULINO,26.0,2020-12-25 00:00:00
619,2020-0079,CONDUCTOR,MASCULINO,28.0,2020-12-27 00:00:00
620,2021-0001,CONDUCTOR,MASCULINO,36.0,2021-01-06 00:00:00
621,2021-0002,CONDUCTOR,FEMENINO,47.0,2021-01-07 00:00:00
622,2021-0003,CONDUCTOR,MASCULINO,27.0,2021-01-10 00:00:00
623,2021-0004,PEATON,FEMENINO,61.0,2021-01-11 00:00:00
624,2021-0005,PEATON,MASCULINO,73.0,2021-01-14 00:00:00
625,2021-0006,PASAJERO_ACOMPAÑANTE,FEMENINO,23.0,2021-01-12 00:00:00
626,2021-0007,CONDUCTOR,MASCULINO,84.0,2021-01-26 00:00:00
627,2021-0008,PEATON,MASCULINO,28.0,2021-01-22 00:00:00
628,2021-0009,CONDUCTOR,MASCULINO,31.0,2021-01-23 00:00:00
629,2021-0010,CONDUCTOR,MASCULINO,28.0,2021-01-23 00:00:00
630,2021-0011,PEATON,MASCULINO,21.0,2021-01-27 00:00:00
631,2021-0012,PEATON,MASCULINO,42.0,2021-01-29 00:00:00
632,2021-0013,CONDUCTOR,MASCULINO,41.0,2021-01-31 00:00:00
633,2021-0014,PEATON,MASCULINO,28.0,2021-02-18 00:00:00
634,2021-0015,CONDUCTOR,MASCULINO,26.0,2021-02-06 00:00:00
635,2021-0016,CONDUCTOR,MASCULINO,22.0,2021-02-14 00:00:00
636,2021-0017,CONDUCTOR,MASCULINO,33.0,2021-02-17 00:00:00
637,2021-0018,PEATON,MASCULINO,36.0,2021-03-08 00:00:00
638,2021-0019,CONDUCTOR,MASCULINO,30.0,2021-02-21 00:00:00
639,2021-0020,PEATON,FEMENINO,42.0,2021-02-21 00:00:00
640,2021-0021,CONDUCTOR,MASCULINO,39.0,2021-03-04 00:00:00
641,2021-0022,PASAJERO_ACOMPAÑANTE,MASCULINO,68.0,2021-03-06 00:00:00
642,2021-0023,CONDUCTOR,MASCULINO,24.0,2021-03-01 00:00:00
643,2021-0024,CICLISTA,MASCULINO,5.0,2021-03-03 00:00:00
644,2021-0025,CONDUCTOR,MASCULINO,37.0,2021-03-11 00:00:00
645,2021-0026,CONDUCTOR,MASCULINO,36.0,2021-03-15 00:00:00
646,2021-0027,CONDUCTOR,FEMENINO,19.0,2021-03-16 00:00:00
647,2021-0028,PEATON,MASCULINO,42.0,2021-03-29 00:00:00
648,2021-0029,CONDUCTOR,MASCULINO,26.0,2021-04-02 00:00:00
649,2021-0030,PEATON,MASCULINO,36.0,2021-04-07 00:00:00
650,2021-0031,PEATON,FEMENINO,68.0,2021-04-11 00:00:00
651,2021-0032,PEATON,MASCULINO,60.0,2021-04-29 00:00:00
652,2021-0033,CONDUCTOR,MASCULINO,33.0,2021-04-14 00:00:00
653,2021-0034,PASAJERO_ACOMPAÑANTE,FEMENINO,26.0,2021-04-19 00:00:00
654,2021-0035,CONDUCTOR,MASCULINO,24.0,2021-05-03 00:00:00
655,2021-0036,CONDUCTOR,MASCULINO,36.0,2021-05-09 00:00:00
656,2021-0037,PEATON,FEMENINO,58.0,2021-05-11 00:00:00
657,2021-0038,CONDUCTOR,FEMENINO,44.0,2021-05-14 00:00:00
658,2021-0039,CICLISTA,MASCULINO,86.0,2021-06-05 00:00:00
659,2021-0040,CONDUCTOR,MASCULINO,27.0,2021-05-20 00:00:00
660,2021-0041,PEATON,MASCULINO,75.0,2021-05-20 00:00:00
661,2021-0042,PEATON,MASCULINO,39.0,2021-05-21 00:00:00
662,2021-0043,PEATON,MASCULINO,50.0,2021-05-22 00:00:00
663,2021-0044,PASAJERO_ACOMPAÑANTE,MASCULINO,21.0,2021-05-25 00:00:00
664,2021-0045,CONDUCTOR,MASCULINO,22.0,2021-05-26 00:00:00
665,2021-0046,PASAJERO_ACOMPAÑANTE,MASCULINO,20.0,2021-05-31 00:00:00
666,2021-0047,CONDUCTOR,MASCULINO,59.0,2021-06-02 00:00:00
667,2021-0048,CICLISTA,MASCULINO,44.0,2021-06-23 00:00:00
668,2021-0049,CONDUCTOR,MASCULINO,74.0,2021-06-03 00:00:00
669,2021-0050,CONDUCTOR,MASCULINO,56.0,2021-06-10 00:00:00
670,2021-0051,PEATON,MASCULINO,73.0,2021-06-16 00:00:00
671,2021-0052,PASAJERO_ACOMPAÑANTE,FEMENINO,19.0,2021-06-20 00:00:00
672,2021-0053,PEATON,MASCULINO,58.0,2021-06-30 00:00:00
673,2021-0054,CONDUCTOR,MASCULINO,41.0,2021-06-22 00:00:00
674,2021-0055,PASAJERO_ACOMPAÑANTE,MASCULINO,47.0,2021-06-29 00:00:00
675,2021-0056,CICLISTA,MASCULINO,60.0,2021-07-09 00:00:00
676,2021-0057,CONDUCTOR,MASCULINO,46.0,2021-07-10 00:00:00
677,2021-0058,PEATON,MASCULINO,24.0,2021-07-21 00:00:00
678,2021-0059,PASAJERO_ACOMPAÑANTE,FEMENINO,44.0,2021-07-22 00:00:00
679,2021-0060,PEATON,FEMENINO,80.0,2021-07-22 00:00:00
680,2021-0061,PEATON,FEMENINO,55.0,2021-07-24 00:00:00
681,2021-0062,CONDUCTOR,MASCULINO,73.0,2021-07-27 00:00:00
682,2021-0063,PASAJERO_ACOMPAÑANTE,FEMENINO,31.0,2021-08-02 00:00:00
683,2021-0064,PEATON,MASCULINO,37.0,2021-08-03 00:00:00
684,2021-0065,PEATON,FEMENINO,63.0,2021-08-10 00:00:00
685,2021-0066,PEATON,MASCULINO,59.0,2021-08-09 00:00:00
686,2021-0067,CONDUCTOR,MASCULINO,27.0,2021-08-08 00:00:00
687,2021-0068,CONDUCTOR,MASCULINO,39.0,2021-08-15 00:00:00
688,2021-0069,PEATON,MASCULINO,17.0,2021-08-21 00:00:00
689,2021-0070,CONDUCTOR,MASCULINO,31.0,2021-08-28 00:00:00
690,2021-0071,PEATON,MASCULINO,88.0,2021-09-01 00:00:00
691,2021-0072,PEATON,FEMENINO,57.0,2021-09-01 00:00:00
692,2021-0073,CICLISTA,FEMENINO,76.0,2021-09-18 00:00:00
693,2021-0074,CONDUCTOR,MASCULINO,55.0,2021-09-20 00:00:00
694,2021-0075,PEATON,MASCULINO,65.0,2021-09-21 00:00:00
695,2021-0076,CONDUCTOR,MASCULINO,31.0,2021-10-16 00:00:00
696,2021-0077,CONDUCTOR,FEMENINO,31.0,2021-10-18 00:00:00
697,2021-0078,CONDUCTOR,MASCULINO,22.0,2021-10-23 00:00:00
698,2021-0079,PEATON,MASCULINO,42.0,2021-10-25 00:00:00
699,2021-0080,CONDUCTOR,MASCULINO,32.0,2021-10-28 00:00:00
700,2021-0081,CONDUCTOR,MASCULINO,26.0,2021-11-02 00:00:00
701,2021-0082,CONDUCTOR,MASCULINO,38.0,2021-11-06 00:00:00
702,2021-0083,CONDUCTOR,MASCULINO,30.0,2021-11-09 00:00:00
703,2021-0084,CONDUCTOR,MASCULINO,32.0,2021-11-11 00:00:00
704,2021-0097,CICLISTA,MASCULINO,53.0,2021-11-19 00:00:00
705,2021-0085,CONDUCTOR,MASCULINO,49.0,2021-11-20 00:00:00
706,2021-0086,PEATON,MASCULINO,75.0,2021-11-25 00:00:00
707,2021-0087,PEATON,FEMENINO,73.0,2021-11-27 00:00:00
708,2021-0088,CONDUCTOR,MASCULINO,45.0,2021-12-07 00:00:00
709,2021-0089,CONDUCTOR,MASCULINO,41.0,2021-12-11 00:00:00
710,2021-0090,PEATON,MASCULINO,73.0,2022-01-03 00:00:00
711,2021-0091,CONDUCTOR,MASCULINO,24.0,2021-12-11 00:00:00
712,2021-0092,PEATON,FEMENINO,50.0,2021-12-12 00:00:00
713,2021-0093,PASAJERO_ACOMPAÑANTE,FEMENINO,18.0,2021-12-18 00:00:00
714,2021-0094,PASAJERO_ACOMPAÑANTE,FEMENINO,43.0,2021-12-20 00:00:00
715,2021-0095,CONDUCTOR,MASCULINO,27.0,2022-01-02 00:00:00
716,2021-0096,CONDUCTOR,MASCULINO,60.0,2021-12-20 00:00:00
